,route,speed,carsnum
3,黄龙大道,21.883107687890742,9
0,G213(天府大道南段),38.469420565457696,13
2,梓州大道辅路,45.13284975509209,8
1,华阳大道4段-303号,56.611035960272226,9
