,route,speed
3,黄龙大道,21.883107687890742
0,G213(天府大道南段),38.469420565457696
2,梓州大道辅路,45.13284975509209
1,华阳大道4段-303号,56.611035960272226
