,route,speed,carsnum
0,G108(牧华路三段),40.42986709759475,10
1,G213(天府大道南段),47.11674831044545,11
