,route,speed,carsnum
6,南湖大道,29.631047197085415,8
8,牧华路三段辅路,35.16536404789875,8
1,G108(麓山大道一段),36.15853863449698,11
2,G213(天府大道南段),41.43980102291666,15
3,剑南大道南一段,49.83170159531611,9
7,梓州大道辅路,50.11595287995726,12
0,G108(牧华路三段),54.82258248105078,16
5,剑南大道南段辅路,56.04523068947333,13
10,麓山大道1段,57.396031669712976,9
9,红星路南延线,62.442824734472225,9
4,剑南大道南段,66.34493926880467,14
