,route,speed
9,黄龙大道,33.15194582438768
2,G213(天府大道南段),40.03526961733333
3,剑南大道南一段,40.602648426052774
7,牧华路三段辅路,42.78980321973432
1,G108(麓山大道一段),43.52644114032999
5,剑南大道南段辅路,46.737854795018336
0,G108(牧华路三段),48.081295524358765
6,梓州大道辅路,50.62906526518541
4,剑南大道南段,57.301830872562654
8,红星路南延线,68.73483122481873
