,route,speed,carsnum
6,府河路1段-73-、71号,25.935461097837496,8
11,通济桥下街198,27.56223256851,10
7,府河路1段-89-、88-、85-、83号,27.577571962329994,10
4,南湖北路,29.15191856656088,15
12,锦江路2段,29.55789610308077,13
8,新程大道,31.848946085454447,9
5,南湖大道,36.18965945286309,14
13,锦江路3段,36.25771676317692,13
1,G213(天府大道南段),38.84566605939376,16
3,剑南大道南段辅路,43.43419261977777,15
9,梓州大道辅路,49.78200716044323,16
0,G108(牧华路三段),52.09466725927934,12
2,剑南大道南段,61.665059804717245,14
10,红星路南延线,64.08231752039167,12
