,route,speed,carsnum
8,通济桥下街198,20.499858997100002,8
7,正西街2号,21.55990018963334,9
9,锦江路2段,29.2742460774,9
5,府河路1段-89-、88-、85-、83号,30.642134094796877,8
10,锦江路3段,38.498636194575,8
3,南湖北路,38.72676430828333,8
0,G108(牧华路三段),40.76530491769783,17
1,G213(天府大道南段),41.05220070467813,16
4,南湖大道,43.690783284270836,8
11,麓山大道1段,50.00988462592963,9
6,梓州大道辅路,52.793615352534154,8
2,剑南大道南段,61.1516913885114,8
